<?xml version="1.0" ?>
<LOG_ROOT>
	<PROJECT NAME="Clock_rtl">
		<CBX_INST_ENTRY INSTANCE_NAME="|Clock_rtl|clock_impulse_sl:I0|clock_impulse:clock_impulse_ul|Clock:counter_process|divmod_s:divmod_s_1|divmod_u:divmodu|lpm_add_sub:Add0" CBX_FILE_NAME="add_sub_6nh.tdf"/>
		<CBX_INST_ENTRY INSTANCE_NAME="|Clock_rtl|clock_impulse_sl:I0|clock_impulse:clock_impulse_ul|Clock:counter_process|divmod_s:divmod_s_3|divmod_u:divmodu|lpm_add_sub:Add0" CBX_FILE_NAME="add_sub_6nh.tdf"/>
		<CBX_INST_ENTRY INSTANCE_NAME="|Clock_rtl|clock_impulse_sl:I0|clock_impulse:clock_impulse_ul|Clock:counter_process|divmod_s:divmod_s_5|divmod_u:divmodu|lpm_add_sub:Add0" CBX_FILE_NAME="add_sub_6nh.tdf"/>
		<CBX_INST_ENTRY INSTANCE_NAME="|Clock_rtl|clock_impulse_sl:I0|clock_impulse:clock_impulse_ul|Clock:counter_process|divmod_s:divmod_s_0|divmod_u:divmodu|lpm_add_sub:Add0" CBX_FILE_NAME="add_sub_6nh.tdf"/>
		<CBX_INST_ENTRY INSTANCE_NAME="|Clock_rtl|clock_impulse_sl:I0|clock_impulse:clock_impulse_ul|Clock:counter_process|divmod_s:divmod_s_2|divmod_u:divmodu|lpm_add_sub:Add0" CBX_FILE_NAME="add_sub_6nh.tdf"/>
		<CBX_INST_ENTRY INSTANCE_NAME="|Clock_rtl|clock_impulse_sl:I0|clock_impulse:clock_impulse_ul|Clock:counter_process|divmod_s:divmod_s_4|divmod_u:divmodu|lpm_add_sub:Add0" CBX_FILE_NAME="add_sub_6nh.tdf"/>
		<CBX_INST_ENTRY INSTANCE_NAME="|Clock_rtl|clock_impulse_sl:I0|clock_impulse:clock_impulse_ul|time_tick:time_tick_i|lpm_add_sub:Add0" CBX_FILE_NAME="add_sub_bch.tdf"/>
	</PROJECT>
</LOG_ROOT>
