#Release 8.1.01i - par I.25
#Copyright (c) 1995-2005 Xilinx, Inc.  All rights reserved.

#FRI 14 APR 16:25:47 2006
#
## NOTE: This file is designed to be imported into a spreadsheet program
# such as Microsoft Excel for viewing, printing and sorting. The |
# character is used as the data field separator. This file is also designed
# to support parsing.
#
#INPUT FILE:       Clock_rtl_map.ncd
#OUTPUT FILE:      Clock_rtl_pad.csv
#PART TYPE:        xc2s15
#SPEED GRADE:      -5
#PACKAGE:          vq100
#
# Pinout by Pin Number:
# 
# -----,-----,-----,-----,-----,-----,-----,-----,-----,-----,-----,-----,-----,-----,-----,-----,
Pin Number,Signal Name,Pin Usage,Pin Name,Direction,IO Standard,IO Bank Number,Drive (mA),Slew Rate,Termination,IOB Delay,Voltage,Constraint,DCI Value,IO Register,Signal Integrity,
P1,,,GND,,,,,,,,,,,,,
P2,,,TMS,,,,,,,,,,,,,
P3,,IOB,IO,UNUSED,,7,,,,,,,,,,
P4,,IOB,IO_VREF_7,UNUSED,,7,,,,,,,,,,
P5,,IOB,IO,UNUSED,,7,,,,,,,,,,
P6,,IOB,IO,UNUSED,,7,,,,,,,,,,
P7,,IOB,IO,UNUSED,,7,,,,,,,,,,
P8,,IOB,IO_VREF_7,UNUSED,,7,,,,,,,,,,
P9,,IOB,IO,UNUSED,,7,,,,,,,,,,
P10,,PCIIOB,IO_IRDY,UNUSED,,7,,,,,,,,,,
P11,,,GND,,,,,,,,,,,,,
P12,,,VCCO,,,0,,,,,3.30,,,,,
P13,,PCIIOB,IO_TRDY,UNUSED,,6,,,,,,,,,,
P14,,,VCCINT,,,,,,,,2.5,,,,,
P15,,IOB,IO,UNUSED,,6,,,,,,,,,,
P16,DISPLAY,IOB,IO_VREF_6,INPUT,LVTTL,6,,,,NONE,,LOCATED,,NO,NONE,
P17,RESET,IOB,IO,INPUT,LVTTL,6,,,,NONE,,LOCATED,,NO,NONE,
P18,,IOB,IO,UNUSED,,6,,,,,,,,,,
P19,LED<7>,IOB,IO,OUTPUT,LVTTL,6,12,SLOW,NONE**,,,LOCATED,,NO,NONE,
P20,LED<6>,IOB,IO_VREF_6,OUTPUT,LVTTL,6,12,SLOW,NONE**,,,LOCATED,,NO,NONE,
P21,LED<5>,IOB,IO,OUTPUT,LVTTL,6,12,SLOW,NONE**,,,LOCATED,,NO,NONE,
P22,LED<4>,IOB,IO,OUTPUT,LVTTL,6,12,SLOW,NONE**,,,LOCATED,,NO,NONE,
P23,,,M1,,,,,,,,,,,,,
P24,,,GND,,,,,,,,,,,,,
P25,,,M0,,,,,,,,,,,,,
P26,,,VCCO,,,0,,,,,3.30,,,,,
P27,,,M2,,,,,,,,,,,,,
P28,,,NC,,,,,,,,,,,,,
P29,,,NC,,,,,,,,,,,,,
P30,LED<3>,IOB,IO_VREF_5,OUTPUT,LVTTL,5,12,SLOW,NONE**,,,LOCATED,,NO,NONE,
P31,LED<2>,IOB,IO,OUTPUT,LVTTL,5,12,SLOW,NONE**,,,LOCATED,,NO,NONE,
P32,,IOB,IO,UNUSED,,5,,,,,,,,,,
P33,,,VCCINT,,,,,,,,2.5,,,,,
P34,,IOB,IO_VREF_5,UNUSED,,5,,,,,,,,,,
P35,,,VCCINT,,,,,,,,2.5,,,,,
P36,,GCLKIOB,GCK1,UNUSED,,5,,,,,,,,,,
P37,,,VCCO,,,0,,,,,3.30,,,,,
P38,,,GND,,,,,,,,,,,,,
P39,CLK,GCLKIOB,GCK0,INPUT,LVTTL,4,,,,NONE,,LOCATED,,NO,NONE,
P40,LED<1>,IOB,IO,OUTPUT,LVTTL,4,12,SLOW,NONE**,,,LOCATED,,NO,NONE,
P41,LED<0>,IOB,IO_VREF_4,OUTPUT,LVTTL,4,12,SLOW,NONE**,,,LOCATED,,NO,NONE,
P42,,,VCCINT,,,,,,,,2.5,,,,,
P43,SA<3>,IOB,IO,TRISTATE,LVTTL,4,12,SLOW,NONE**,,,LOCATED,,NO,NONE,
P44,SA<2>,IOB,IO,TRISTATE,LVTTL,4,12,SLOW,NONE**,,,LOCATED,,NO,NONE,
P45,SA<1>,IOB,IO_VREF_4,TRISTATE,LVTTL,4,12,SLOW,NONE**,,,LOCATED,,NO,NONE,
P46,SA<0>,IOB,IO,TRISTATE,LVTTL,4,12,SLOW,NONE**,,,LOCATED,,NO,NONE,
P47,,IOB,IO,UNUSED,,4,,,,,,,,,,
P48,,,GND,,,,,,,,,,,,,
P49,,,DONE,,,,,,,,,,,,,
P50,,,VCCO,,,0,,,,,3.30,,,,,
P51,,,PROGRAM,,,,,,,,,,,,,
P52,,IOB,IO_INIT,UNUSED,,3,,,,,,,,,,
P53,,IOB,IO_D7,UNUSED,,3,,,,,,,,,,
P54,,IOB,IO_VREF_3,UNUSED,,3,,,,,,,,,,
P55,,IOB,IO,UNUSED,,3,,,,,,,,,,
P56,,IOB,IO_D6,UNUSED,,3,,,,,,,,,,
P57,,IOB,IO_D5,UNUSED,,3,,,,,,,,,,
P58,,IOB,IO,UNUSED,,3,,,,,,,,,,
P59,,IOB,IO_VREF_3,UNUSED,,3,,,,,,,,,,
P60,,IOB,IO_D4,UNUSED,,3,,,,,,,,,,
P61,,,VCCINT,,,,,,,,2.5,,,,,
P62,,PCIIOB,IO_TRDY,UNUSED,,3,,,,,,,,,,
P63,,,VCCO,,,0,,,,,3.30,,,,,
P64,,,GND,,,,,,,,,,,,,
P65,,PCIIOB,IO_IRDY,UNUSED,,2,,,,,,,,,,
P66,,IOB,IO_D3,UNUSED,,2,,,,,,,,,,
P67,,IOB,IO_VREF_2,UNUSED,,2,,,,,,,,,,
P68,,IOB,IO,UNUSED,,2,,,,,,,,,,
P69,,IOB,IO_D2,UNUSED,,2,,,,,,,,,,
P70,,IOB,IO_D1,UNUSED,,2,,,,,,,,,,
P71,,IOB,IO,UNUSED,,2,,,,,,,,,,
P72,,IOB,IO_VREF_2,UNUSED,,2,,,,,,,,,,
P73,,IOB,IO_DIN_D0,UNUSED,,2,,,,,,,,,,
P74,,IOB,IO_DOUT_BUSY,UNUSED,,2,,,,,,,,,,
P75,,,CCLK,,,,,,,,,,,,,
P76,,,VCCO,,,0,,,,,3.30,,,,,
P77,,,TDO,,,,,,,,,,,,,
P78,,,GND,,,,,,,,,,,,,
P79,,,TDI,,,,,,,,,,,,,
P80,,IOB,IO_CS,UNUSED,,1,,,,,,,,,,
P81,,IOB,IO_WRITE,UNUSED,,1,,,,,,,,,,
P82,,IOB,IO_VREF_1,UNUSED,,1,,,,,,,,,,
P83,,IOB,IO,UNUSED,,1,,,,,,,,,,
P84,,IOB,IO,UNUSED,,1,,,,,,,,,,
P85,,,VCCINT,,,,,,,,2.5,,,,,
P86,,IOB,IO_VREF_1,UNUSED,,1,,,,,,,,,,
P87,,IOB,IO,UNUSED,,1,,,,,,,,,,
P88,,GCLKIOB,GCK2,UNUSED,,1,,,,,,,,,,
P89,,,GND,,,,,,,,,,,,,
P90,,,VCCO,,,0,,,,,3.30,,,,,
P91,,GCLKIOB,GCK3,UNUSED,,0,,,,,,,,,,
P92,,,VCCINT,,,,,,,,2.5,,,,,
P93,,IOB,IO_VREF_0,UNUSED,,0,,,,,,,,,,
P94,,,VCCINT,,,,,,,,2.5,,,,,
P95,,IOB,IO,UNUSED,,0,,,,,,,,,,
P96,,IOB,IO,UNUSED,,0,,,,,,,,,,
P97,,IOB,IO_VREF_0,UNUSED,,0,,,,,,,,,,
P98,,IOB,IO,UNUSED,,0,,,,,,,,,,
P99,,,TCK,,,,,,,,,,,,,
P100,,,VCCO,,,0,,,,,3.30,,,,,

# -----,-----,-----,-----,-----,-----,-----,-----,-----,-----,-----,-----,-----,-----,-----,-----,
# 
#* Default value.
#** This default Pullup/Pulldown value can be overridden in Bitgen. 
#****** Special VCCO requirements may apply. Please consult the device 
#       family datasheet for specific guideline on VCCO requirements. 
#
#
#